time,open,high,low,close
1999-04-19T01:00:00+03:00,7.098,7.098,7.098,7.098
1999-04-26T01:00:00+03:00,7.1464,7.152,7.0894,7.152
1999-05-03T01:00:00+03:00,7.115,7.1535,6.976,7.0415
1999-05-10T01:00:00+03:00,7.038,7.1147,7.038,7.059
1999-05-17T01:00:00+03:00,7.055,7.1564,7.055,7.1564
1999-05-24T01:00:00+03:00,7.1519,7.167,7.121,7.167
1999-05-31T01:00:00+03:00,7.2735,7.3475,7.262,7.319
1999-06-07T01:00:00+03:00,7.3771,7.3843,7.193,7.196
1999-06-14T01:00:00+03:00,7.216,7.3843,7.196,7.24
1999-06-21T01:00:00+03:00,7.277,7.3458,7.265,7.265
1999-06-28T01:00:00+03:00,7.3235,7.4337,7.2504,7.371
1999-07-05T01:00:00+03:00,7.418,7.4573,7.383,7.391
1999-07-12T01:00:00+03:00,7.4316,7.4926,7.402,7.4369
1999-07-19T01:00:00+03:00,7.4369,7.477,7.182,7.182
1999-07-26T01:00:00+03:00,7.1977,7.2713,7.043,7.044
1999-08-02T01:00:00+03:00,7.0741,7.1182,6.991,7.021
1999-08-09T01:00:00+03:00,7.0602,7.1018,7.049,7.1018
1999-08-16T01:00:00+03:00,7.1709,7.2357,7.06,7.06
1999-08-23T01:00:00+03:00,7.1072,7.2578,7.1,7.233
1999-08-30T01:00:00+03:00,7.232,7.2825,7.1222,7.1562
1999-09-06T01:00:00+03:00,7.1609,7.2691,7.108,7.2691
1999-09-13T01:00:00+03:00,7.2691,7.3866,7.2691,7.3298
1999-09-20T01:00:00+03:00,7.3298,7.3319,7.228,7.228
1999-09-27T01:00:00+03:00,7.3094,7.3094,7.1061,7.1061
1999-10-04T01:00:00+03:00,7.1145,7.1399,7.1067,7.1067
1999-10-11T01:00:00+03:00,7.1067,7.1889,6.9993,6.9993
1999-10-18T01:00:00+03:00,6.9993,7.1175,6.986,7.1175
1999-10-25T01:00:00+03:00,7.1175,7.2407,7.097,7.221
1999-11-01T00:00:00+02:00,7.2364,7.3347,7.231,7.298
1999-11-08T00:00:00+02:00,7.3347,7.3786,7.2757,7.348
1999-11-15T00:00:00+02:00,7.3786,7.4182,7.3259,7.37
1999-11-22T00:00:00+02:00,7.4182,7.5465,7.3904,7.5465
1999-11-29T00:00:00+02:00,7.5465,7.6374,7.5318,7.6374
1999-12-06T00:00:00+02:00,7.6374,7.6602,7.449,7.508
1999-12-13T00:00:00+02:00,7.498,7.6143,7.4802,7.4802
1999-12-20T00:00:00+02:00,7.4802,7.6015,7.4802,7.548
1999-12-27T00:00:00+02:00,7.5464,7.5994,7.522,7.5994
2000-01-03T00:00:00+02:00,7.5994,7.6629,7.345,7.4181
2000-01-10T00:00:00+02:00,7.5019,7.5303,7.436,7.515
2000-01-17T00:00:00+02:00,7.6019,7.6452,7.569,7.569
2000-01-24T00:00:00+02:00,7.567,7.8205,7.567,7.8205
2000-01-31T00:00:00+02:00,7.8205,7.9638,7.796,7.796
2000-02-07T00:00:00+02:00,7.8195,7.9014,7.7262,7.8492
2000-02-14T00:00:00+02:00,7.8492,7.89,7.761,7.761
2000-02-21T00:00:00+02:00,7.8202,7.8847,7.6412,7.8847
2000-02-28T00:00:00+02:00,8.049,8.049,7.9109,7.959
2000-03-06T00:00:00+02:00,8.0058,8.0617,7.968,7.996
2000-03-13T00:00:00+02:00,7.998,8.0339,7.931,7.954
2000-03-20T00:00:00+02:00,7.9713,8.0436,7.925,7.933
2000-03-27T01:00:00+03:00,7.9714,8.1525,7.9022,8.0591
2000-04-03T01:00:00+03:00,8.0591,8.1187,7.9712,8.039
2000-04-10T01:00:00+03:00,8.0603,8.0769,8.0081,8.039
2000-04-17T01:00:00+03:00,8.0486,8.1814,7.9694,8.154
2000-04-24T01:00:00+03:00,8.2013,8.4742,8.15,8.437
2000-05-01T01:00:00+03:00,8.4742,8.615,8.404,8.524
2000-05-08T01:00:00+03:00,8.552,8.6284,8.4213,8.4348
2000-05-15T01:00:00+03:00,8.4348,8.5846,8.336,8.5526
2000-05-22T01:00:00+03:00,8.5526,8.6129,8.2602,8.2602
2000-05-29T01:00:00+03:00,8.2516,8.2937,8.1272,8.145
2000-06-05T01:00:00+03:00,8.0772,8.1301,7.936,7.936
2000-06-12T01:00:00+03:00,8.0032,8.0514,7.864,7.8995
2000-06-19T01:00:00+03:00,7.8995,8.1082,7.89,8.082
2000-06-26T01:00:00+03:00,8.1082,8.1507,7.9445,7.9445
2000-07-03T01:00:00+03:00,7.9445,8.006,7.9033,7.966
2000-07-10T01:00:00+03:00,7.9931,8.0909,7.951,8.0909
2000-07-17T01:00:00+03:00,8.0909,8.2015,8.049,8.083
2000-07-24T01:00:00+03:00,8.094,8.1997,8.0339,8.134
2000-07-31T01:00:00+03:00,8.1997,8.3767,8.157,8.3254
2000-08-07T01:00:00+03:00,8.3254,8.4302,8.281,8.2907
2000-08-14T01:00:00+03:00,8.2907,8.3942,8.258,8.258
2000-08-21T01:00:00+03:00,8.2418,8.4389,8.2418,8.3791
2000-08-28T01:00:00+03:00,8.324,8.473,8.324,8.3609
2000-09-04T01:00:00+03:00,8.3541,8.6564,8.3541,8.6564
2000-09-11T01:00:00+03:00,8.6564,8.7675,8.6213,8.7105
2000-09-18T01:00:00+03:00,8.7105,8.8333,8.38,8.38
2000-09-25T01:00:00+03:00,8.4479,8.5719,8.427,8.483
2000-10-02T01:00:00+03:00,8.5323,8.5855,8.463,8.541
2000-10-09T01:00:00+03:00,8.5845,8.7049,8.567,8.6869
2000-10-16T01:00:00+03:00,8.6869,8.9533,8.6869,8.866
2000-10-23T01:00:00+03:00,8.8768,9.0994,8.8768,9.012
2000-10-30T00:00:00+02:00,9.0634,9.0634,8.602,8.602
2000-11-06T00:00:00+02:00,8.7318,8.8078,8.669,8.7424
2000-11-13T00:00:00+02:00,8.7424,8.8368,8.708,8.746
2000-11-20T00:00:00+02:00,8.8622,8.9707,8.8622,8.9451
2000-11-27T00:00:00+02:00,9.0125,9.0196,8.6209,8.6209
2000-12-04T00:00:00+02:00,8.6209,8.698,8.4599,8.5313
2000-12-11T00:00:00+02:00,8.5313,8.6874,8.409,8.409
2000-12-18T00:00:00+02:00,8.4421,8.4855,8.24,8.2466
2000-12-25T00:00:00+02:00,8.2466,8.2466,8.091,8.091
2001-01-01T00:00:00+02:00,8.1222,8.1222,7.94,7.964
2001-01-08T00:00:00+02:00,7.8957,8.0626,7.8957,7.945
2001-01-15T00:00:00+02:00,8.0265,8.1299,8.018,8.1299
2001-01-22T00:00:00+02:00,8.1299,8.3531,8.1293,8.3531
2001-01-29T00:00:00+02:00,8.3531,8.413,8.1592,8.1959
2001-02-05T00:00:00+02:00,8.1959,8.2908,8.113,8.2908
2001-02-12T00:00:00+02:00,8.277,8.512,8.277,8.4024
2001-02-19T00:00:00+02:00,8.355,8.5258,8.355,8.47
2001-02-26T00:00:00+02:00,8.4732,8.4732,8.186,8.186
2001-03-05T00:00:00+02:00,8.2677,8.2956,8.223,8.2484
2001-03-12T00:00:00+02:00,8.2119,8.4674,8.2119,8.4529
2001-03-19T00:00:00+02:00,8.5243,8.6574,8.2651,8.54
2001-03-26T01:00:00+03:00,8.5519,8.6882,8.3053,8.6755
2001-04-02T01:00:00+03:00,8.6882,8.6887,8.2978,8.2978
2001-04-09T01:00:00+03:00,8.6882,8.6882,8.407,8.407
2001-04-16T01:00:00+03:00,8.5167,8.5936,8.3954,8.3954
2001-04-23T01:00:00+03:00,8.5062,8.5062,8.285,8.5062
2001-04-30T01:00:00+03:00,8.5062,8.5062,8.2998,8.303
2001-05-07T01:00:00+03:00,8.5062,8.5062,8.2931,8.5062
2001-05-14T01:00:00+03:00,8.5062,8.5062,8.2617,8.275
2001-05-21T01:00:00+03:00,8.5062,8.5072,8.2848,8.5072
2001-05-28T01:00:00+03:00,8.5174,8.7229,8.498,8.6458
2001-06-04T01:00:00+03:00,8.5579,8.7935,8.497,8.7935
2001-06-11T01:00:00+03:00,8.571,8.7825,8.421,8.6336
2001-06-18T01:00:00+03:00,8.5145,8.6482,8.493,8.6142
2001-06-25T01:00:00+03:00,8.479,8.758,8.448,8.6577
2001-07-02T01:00:00+03:00,8.568,8.7947,8.53,8.5613
2001-07-09T01:00:00+03:00,8.456,8.4968,8.271,8.3724
2001-07-16T01:00:00+03:00,8.3543,8.3735,8.09,8.1309
2001-07-23T01:00:00+03:00,8.2459,8.2958,8.171,8.2958
2001-07-30T01:00:00+03:00,8.158,8.456,8.158,8.1753
2001-08-06T01:00:00+03:00,8.259,8.4895,8.259,8.3393
2001-08-13T01:00:00+03:00,8.2768,8.3668,8.164,8.2388
2001-08-20T01:00:00+03:00,8.133,8.2941,8.102,8.2941
2001-08-27T01:00:00+03:00,8.314,8.432,8.1806,8.2947
2001-09-03T01:00:00+03:00,8.246,8.468,8.1646,8.1646
2001-09-10T01:00:00+03:00,8.1647,8.2946,8.1105,8.2946
2001-09-17T01:00:00+03:00,8.1616,8.1945,8.0682,8.188
2001-09-24T01:00:00+03:00,8.2192,8.2623,8.2129,8.2456
2001-10-01T01:00:00+03:00,8.131,8.131,8.077,8.126
2001-10-08T01:00:00+03:00,8.108,8.108,8.108,8.108
2001-10-15T01:00:00+03:00,8.087,8.1841,8.087,8.1841
2001-10-22T01:00:00+03:00,8.204,8.3517,8.204,8.2683
2001-10-29T00:00:00+02:00,8.2865,8.3208,8.069,8.135
2001-11-05T00:00:00+02:00,8.2127,8.3077,8.171,8.3077
2001-11-12T00:00:00+02:00,8.242,8.4137,8.242,8.401
2001-11-19T00:00:00+02:00,8.3461,8.4083,8.318,8.4083
2001-11-26T00:00:00+02:00,8.37,8.4636,8.31,8.3991
2001-12-03T00:00:00+02:00,8.265,8.3479,8.218,8.249
2001-12-10T00:00:00+02:00,8.274,8.3165,8.124,8.2233
2001-12-17T00:00:00+02:00,8.123,8.2321,8.123,8.201
2001-12-24T00:00:00+02:00,8.204,8.3005,8.204,8.3005
2001-12-31T00:00:00+02:00,8.239,8.3334,8.1,8.2292
2002-01-07T00:00:00+02:00,8.2985,8.4331,8.2985,8.3959
2002-01-14T00:00:00+02:00,8.4382,8.5794,8.3897,8.5794
2002-01-21T00:00:00+02:00,8.5414,8.6285,8.5414,8.6285
2002-01-28T00:00:00+02:00,8.7724,8.7992,8.7724,8.7964
2002-02-04T00:00:00+02:00,8.786,8.786,8.6253,8.6253
2002-02-11T00:00:00+02:00,8.5866,8.5866,8.5126,8.5426
2002-02-18T00:00:00+02:00,8.507,8.5559,8.4855,8.5559
2002-02-25T00:00:00+02:00,8.5163,8.5163,8.5163,8.5163
2002-03-04T00:00:00+02:00,8.447,8.447,8.362,8.382
2002-03-11T00:00:00+02:00,8.383,8.383,8.283,8.283
2002-03-18T00:00:00+02:00,8.299,8.314,8.299,8.314
2002-03-25T00:00:00+02:00,8.398,8.419,8.398,8.414
2002-04-01T01:00:00+03:00,8.37,8.37,8.324,8.324
2002-04-08T01:00:00+03:00,8.388,8.388,8.388,8.388
2002-04-22T01:00:00+03:00,8.25,8.25,8.19,8.19
2002-04-29T01:00:00+03:00,8.126,8.154,8.091,8.091
2002-05-06T01:00:00+03:00,8.019,8.086,8.019,8.057
2002-05-13T01:00:00+03:00,8.035,8.095,7.985,7.985
2002-05-20T01:00:00+03:00,7.973,7.997,7.915,7.98
2002-05-27T01:00:00+03:00,7.909,7.909,7.799,7.799
2002-06-03T01:00:00+03:00,7.868,7.868,7.7324,7.7324
2002-06-10T01:00:00+03:00,7.702,7.7533,7.686,7.686
2002-06-17T01:00:00+03:00,7.73,7.73,7.559,7.559
2002-06-24T01:00:00+03:00,7.427,7.465,7.315,7.315
2002-07-01T01:00:00+03:00,7.358,7.482,7.358,7.482
2002-07-08T01:00:00+03:00,7.337,7.43,7.337,7.384
2002-07-15T01:00:00+03:00,7.298,7.298,7.233,7.233
2002-07-22T01:00:00+03:00,7.28,7.386,7.265,7.365
2002-07-29T01:00:00+03:00,7.502,7.553,7.477,7.492
2002-08-05T01:00:00+03:00,7.497,7.607,7.497,7.528
2002-08-12T01:00:00+03:00,7.473,7.482,7.421,7.421
2002-08-19T01:00:00+03:00,7.472,7.507,7.472,7.507
2002-08-26T01:00:00+03:00,7.536,7.536,7.434,7.451
2002-09-02T01:00:00+03:00,7.398,7.425,7.338,7.425
2002-09-09T01:00:00+03:00,7.453,7.506,7.426,7.426
2002-09-16T01:00:00+03:00,7.519,7.554,7.404,7.422
2002-09-23T01:00:00+03:00,7.411,7.468,7.411,7.468
2002-09-30T01:00:00+03:00,7.402,7.481,7.402,7.481
2002-10-07T01:00:00+03:00,7.513,7.52,7.48,7.509
2002-10-14T01:00:00+03:00,7.535,7.628,7.535,7.628
2002-10-21T01:00:00+03:00,7.626,7.657,7.612,7.612
2002-10-28T00:00:00+02:00,7.615,7.615,7.54,7.54
2002-11-04T00:00:00+02:00,7.474,7.474,7.366,7.366
2002-11-11T00:00:00+02:00,7.368,7.38,7.368,7.371
2002-11-18T00:00:00+02:00,7.376,7.376,7.306,7.375
2002-11-25T00:00:00+02:00,7.463,7.463,7.463,7.463
2002-12-02T00:00:00+02:00,7.484,7.484,7.282,7.285
2002-12-09T00:00:00+02:00,7.287,7.308,7.193,7.196
2002-12-16T00:00:00+02:00,7.199,7.206,7.135,7.201
2002-12-23T00:00:00+02:00,7.176,7.208,7.094,7.097
2002-12-30T00:00:00+02:00,7.056,7.201,7.008,7.18
2003-01-20T00:00:00+02:00,6.961,6.978,6.954,6.978
2003-01-27T00:00:00+02:00,6.938,6.995,6.908,6.995
2003-02-03T00:00:00+02:00,6.945,6.992,6.934,6.953
2003-02-10T00:00:00+02:00,6.977,6.977,6.977,6.977
2003-02-17T00:00:00+02:00,7.033,7.033,7.033,7.033
2003-02-24T00:00:00+02:00,7.052,7.071,7.011,7.071
2003-03-03T00:00:00+02:00,7.057,7.057,6.937,6.947
2003-03-10T00:00:00+02:00,6.871,6.909,6.871,6.885
2003-03-17T00:00:00+02:00,7.036,7.193,7.036,7.178
2003-03-24T00:00:00+02:00,7.186,7.199,7.164,7.19
2003-03-31T01:00:00+03:00,6.93,7.0214,6.93,7.0106
2003-04-07T01:00:00+03:00,7.045,7.0609,6.936,7.0302
2003-04-14T01:00:00+03:00,6.971,6.9791,6.848,6.899
2003-04-21T01:00:00+03:00,6.862,6.9099,6.8489,6.8489
2003-04-28T01:00:00+03:00,6.787,6.8956,6.674,6.7306
2003-05-05T01:00:00+03:00,6.707,6.7562,6.5428,6.5428
2003-05-12T01:00:00+03:00,6.447,6.562,6.447,6.447
2003-05-19T01:00:00+03:00,6.407,6.4356,6.376,6.388
2003-05-26T01:00:00+03:00,6.299,6.4278,6.299,6.4136
2003-06-02T01:00:00+03:00,6.4432,6.4615,6.3747,6.4478
2003-06-09T01:00:00+03:00,6.4322,6.4559,6.392,6.392
2003-06-16T01:00:00+03:00,6.325,6.4781,6.325,6.4781
2003-06-23T01:00:00+03:00,6.459,6.5602,6.45,6.5602
2003-06-30T01:00:00+03:00,6.52,6.5322,6.439,6.5175
2003-07-07T01:00:00+03:00,6.576,6.6446,6.576,6.632
2003-07-14T01:00:00+03:00,6.593,6.6923,6.579,6.6677
2003-07-21T01:00:00+03:00,6.587,6.6032,6.462,6.4912
2003-07-28T01:00:00+03:00,6.497,6.708,6.47,6.672
2003-08-04T01:00:00+03:00,6.642,6.6653,6.595,6.657
2003-08-11T01:00:00+03:00,6.64,6.6889,6.613,6.618
2003-08-18T01:00:00+03:00,6.637,6.8713,6.637,6.814
2003-08-25T01:00:00+03:00,6.823,6.8648,6.757,6.757
2003-09-01T01:00:00+03:00,6.864,6.9335,6.695,6.695
2003-09-08T01:00:00+03:00,6.696,6.7349,6.606,6.6179
2003-09-15T01:00:00+03:00,6.6252,6.6801,6.564,6.564
2003-09-22T01:00:00+03:00,6.5648,6.5971,6.541,6.542
2003-09-29T01:00:00+03:00,6.588,6.592,6.418,6.521
2003-10-06T01:00:00+03:00,6.529,6.529,6.4,6.402
2003-10-13T01:00:00+03:00,6.499,6.5458,6.457,6.474
2003-10-20T01:00:00+03:00,6.494,6.5211,6.405,6.411
2003-10-27T00:00:00+02:00,6.43,6.527,6.43,6.527
2003-11-03T00:00:00+02:00,6.527,6.633,6.527,6.6102
2003-11-10T00:00:00+02:00,6.57,6.5933,6.421,6.421
2003-11-17T00:00:00+02:00,6.427,6.475,6.374,6.4045
2003-11-24T00:00:00+02:00,6.443,6.5106,6.35,6.4022
2003-12-01T00:00:00+02:00,6.36,6.399,6.301,6.301
2003-12-08T00:00:00+02:00,6.267,6.3298,6.215,6.215
2003-12-15T00:00:00+02:00,6.24,6.24,6.089,6.1812
2003-12-22T00:00:00+02:00,6.1558,6.166,6.1417,6.1417
2003-12-29T00:00:00+02:00,6.1255,6.1255,6.0526,6.0892
2004-01-05T00:00:00+02:00,6.0601,6.079,6.0013,6.0013
2004-01-12T00:00:00+02:00,6.0297,6.2167,6.0297,6.2167
2004-01-19T00:00:00+02:00,6.1342,6.1342,6.0681,6.0687
2004-01-26T00:00:00+02:00,6.1181,6.1921,6.0889,6.1714
2004-02-02T00:00:00+02:00,6.1646,6.1646,6.0101,6.0101
2004-02-09T00:00:00+02:00,6.0254,6.0479,5.9733,5.985
2004-02-16T00:00:00+02:00,5.9764,6.0428,5.97,6.0428
2004-02-23T00:00:00+02:00,6.0928,6.1192,6.0398,6.0996
2004-03-01T00:00:00+02:00,6.0784,6.2445,6.0784,6.0809
2004-03-08T00:00:00+02:00,6.0977,6.1646,6.0818,6.1641
2004-03-15T00:00:00+02:00,6.1641,6.1641,6.0157,6.027
2004-03-22T00:00:00+02:00,5.981,6.1087,5.981,6.1087
2004-03-29T01:00:00+03:00,6.0947,6.1968,6.0567,6.1968
2004-04-05T01:00:00+03:00,6.2507,6.2507,6.1685,6.1925
2004-04-12T01:00:00+03:00,6.1798,6.2852,6.1798,6.2246
2004-04-19T01:00:00+03:00,6.2309,6.4024,6.2309,6.4024
2004-04-26T01:00:00+03:00,6.3815,6.3815,6.235,6.235
2004-05-03T01:00:00+03:00,6.2267,6.2372,6.1435,6.2372
2004-05-10T01:00:00+03:00,6.2622,6.3095,6.2381,6.2381
2004-05-17T01:00:00+03:00,6.167,6.1989,6.1484,6.1484
2004-05-24T01:00:00+03:00,6.1601,6.1601,5.9914,6.0183
2004-05-31T01:00:00+03:00,6.012,6.0336,5.9893,6.0336
2004-06-07T01:00:00+03:00,6.0121,6.1562,6.0121,6.1562
2004-06-14T01:00:00+03:00,6.1105,6.1361,6.0777,6.0777
2004-06-21T01:00:00+03:00,6.0916,6.0947,6.0507,6.0753
2004-06-28T01:00:00+03:00,6.0372,6.0669,5.9706,5.9706
2004-07-05T01:00:00+03:00,5.9974,5.9974,5.9437,5.9437
2004-07-12T01:00:00+03:00,5.9448,5.9868,5.9224,5.9224
2004-07-19T01:00:00+03:00,5.9241,6.0266,5.9241,6.0103
2004-07-26T01:00:00+03:00,6.072,6.1572,6.072,6.1404
2004-08-02T01:00:00+03:00,6.1214,6.1214,5.9978,5.9978
2004-08-09T01:00:00+03:00,5.9958,6.0017,5.9329,5.9329
2004-08-16T01:00:00+03:00,5.9457,5.9873,5.9457,5.9873
2004-08-23T01:00:00+03:00,6.0507,6.1386,6.0507,6.1386
2004-08-30T01:00:00+03:00,6.1191,6.1199,6.0462,6.1199
2004-09-06T01:00:00+03:00,6.123,6.123,5.9925,5.9925
2004-09-13T01:00:00+03:00,6.023,6.0725,5.993,6.0662
2004-09-20T01:00:00+03:00,6.087,6.1375,6.0591,6.1375
2004-09-27T01:00:00+03:00,6.1455,6.1567,6.0942,6.1204
2004-10-04T01:00:00+03:00,6.1374,6.1997,5.6984,6.0937
2004-10-11T01:00:00+03:00,6.1006,6.1734,5.6863,6.0228
2004-10-18T01:00:00+03:00,6.0211,6.0303,5.9236,5.9439
2004-10-25T01:00:00+03:00,5.8736,5.9291,5.8252,5.8427
2004-11-01T00:00:00+02:00,5.8492,5.9259,5.8295,5.8295
2004-11-08T00:00:00+02:00,5.8355,5.8984,5.8239,5.8317
2004-11-15T00:00:00+02:00,5.8374,5.8584,5.7774,5.7804
2004-11-22T00:00:00+02:00,5.7932,5.8291,5.6929,5.6929
2004-11-29T00:00:00+02:00,5.7078,5.7311,5.6126,5.6126
2004-12-06T00:00:00+02:00,5.6171,5.7295,5.5038,5.6769
2004-12-13T00:00:00+02:00,5.6605,5.6845,5.5617,5.643
2004-12-20T00:00:00+02:00,5.6339,5.6651,5.6009,5.6026
2004-12-27T00:00:00+02:00,5.6118,5.6664,5.5495,5.6427
2005-01-03T00:00:00+02:00,5.6564,5.806,5.6352,5.7806
2005-01-10T00:00:00+02:00,5.7752,5.7909,5.6634,5.7308
2005-01-17T00:00:00+02:00,5.7223,5.8333,5.7048,5.7848
2005-01-24T00:00:00+02:00,5.7881,5.84,5.7116,5.7837
2005-01-31T00:00:00+02:00,5.778,5.8388,5.7444,5.837
2005-02-07T00:00:00+02:00,5.8514,5.9174,5.8157,5.819
2005-02-14T00:00:00+02:00,5.7768,5.8099,5.7455,5.7455
2005-02-21T00:00:00+02:00,5.7539,5.7611,5.6537,5.6632
2005-02-28T00:00:00+02:00,5.653,5.7905,5.6248,5.6248
2005-03-07T00:00:00+02:00,5.6357,5.6636,5.5375,5.5446
2005-03-14T00:00:00+02:00,5.5431,5.6116,5.5296,5.5996
2005-03-21T00:00:00+02:00,5.6024,5.7551,5.6024,5.7283
2005-03-28T01:00:00+03:00,5.7574,5.7741,5.6862,5.7165
2005-04-04T01:00:00+03:00,5.784,5.7975,5.718,5.718
2005-04-11T01:00:00+03:00,5.7223,5.7777,5.6862,5.7065
2005-04-18T01:00:00+03:00,5.7249,5.731,5.6255,5.6413
2005-04-25T01:00:00+03:00,5.6697,5.7228,5.6668,5.6984
2005-05-02T01:00:00+03:00,5.7162,5.7265,5.661,5.7127
2005-05-09T01:00:00+03:00,5.7321,5.7911,5.6833,5.7745
2005-05-16T01:00:00+03:00,5.7934,5.8336,5.755,5.83
2005-05-23T01:00:00+03:00,5.8244,5.8496,5.7939,5.824
2005-05-30T01:00:00+03:00,5.8308,6.0675,5.8308,5.9932
2005-06-06T01:00:00+03:00,5.9841,6.0336,5.9281,6.0218
2005-06-13T01:00:00+03:00,6.033,6.0741,5.9611,5.9722
2005-06-20T01:00:00+03:00,5.9769,6.1072,5.9769,6.0516
2005-06-27T01:00:00+03:00,6.0299,6.1206,6.0118,6.1186
2005-07-04T01:00:00+03:00,6.1272,6.1686,6.0879,6.1214
2005-07-11T01:00:00+03:00,6.1053,6.1062,5.9703,6.0577
2005-07-18T01:00:00+03:00,6.0542,6.1047,5.964,6.0206
2005-07-25T01:00:00+03:00,6.0508,6.1003,6.0048,6.0048
2005-08-01T01:00:00+03:00,6.0116,6.0116,5.9207,5.9607
2005-08-08T01:00:00+03:00,5.9573,5.9724,5.8931,5.9152
2005-08-15T01:00:00+03:00,5.9204,6.0887,5.9204,6.0645
2005-08-22T01:00:00+03:00,6.0481,6.0664,5.9792,5.9844
2005-08-29T01:00:00+03:00,5.9789,6.0935,5.9092,5.9193
2005-09-05T01:00:00+03:00,5.9347,6.004,5.9204,5.975
2005-09-12T01:00:00+03:00,5.9933,6.0941,5.9933,6.0801
2005-09-19T01:00:00+03:00,6.1054,6.1775,6.0713,6.1642
2005-09-26T01:00:00+03:00,6.1888,6.2154,6.1548,6.1604
2005-10-03T01:00:00+03:00,6.2075,6.2341,6.0664,6.1052
2005-10-10T01:00:00+03:00,6.1024,6.1771,6.0927,6.1107
2005-10-17T01:00:00+03:00,6.09,6.1992,6.09,6.1622
2005-10-24T01:00:00+03:00,6.1695,6.1777,6.0631,6.0909
2005-10-31T00:00:00+02:00,6.1095,6.2503,6.107,6.2424
2005-11-07T00:00:00+02:00,6.2434,6.2987,6.2354,6.2709
2005-11-14T00:00:00+02:00,6.2681,6.3177,6.2542,6.2679
2005-11-21T00:00:00+02:00,6.3042,6.3323,6.2512,6.3132
2005-11-28T00:00:00+02:00,6.3037,6.335,6.2252,6.2925
2005-12-05T00:00:00+02:00,6.2871,6.3019,6.247,6.2595
2005-12-12T00:00:00+02:00,6.2504,6.2797,6.1269,6.1451
2005-12-19T00:00:00+02:00,6.1513,6.2633,6.1468,6.224
2005-12-26T00:00:00+02:00,6.2096,6.2524,6.1891,6.2437
2006-01-02T00:00:00+02:00,6.2183,6.2479,6.069,6.069
2006-01-09T00:00:00+02:00,6.0782,6.1397,6.0711,6.1004
2006-01-16T00:00:00+02:00,6.0623,6.1295,6.0623,6.0968
2006-01-23T00:00:00+02:00,6.0732,6.0763,5.9727,6.0535
2006-01-30T00:00:00+02:00,6.0736,6.1214,6.0309,6.1031
2006-02-06T00:00:00+02:00,6.0846,6.1621,6.0846,6.149
2006-02-13T00:00:00+02:00,6.149,6.1749,6.1101,6.115
2006-02-20T00:00:00+02:00,6.1074,6.1657,6.0965,6.1541
2006-02-27T00:00:00+02:00,6.1478,6.1856,6.0822,6.0974
2006-03-06T00:00:00+02:00,6.0726,6.1627,6.0678,6.1482
2006-03-13T00:00:00+02:00,6.1304,6.1382,6.024,6.024
2006-03-20T00:00:00+02:00,6.0413,6.1261,6.0315,6.0816
2006-03-27T01:00:00+03:00,6.09,6.1173,6.0255,6.049
2006-04-03T01:00:00+03:00,6.0601,6.1006,5.9482,6.0457
2006-04-10T01:00:00+03:00,6.0439,6.0631,6.0113,6.0236
2006-04-17T01:00:00+03:00,5.9977,5.9991,5.8961,5.9086
2006-04-24T01:00:00+03:00,5.8968,5.9174,5.7755,5.7813
2006-05-01T01:00:00+03:00,5.7738,5.8022,5.7015,5.7061
2006-05-08T01:00:00+03:00,5.7123,5.7444,5.6101,5.639
2006-05-15T01:00:00+03:00,5.6177,5.721,5.6167,5.7207
2006-05-22T01:00:00+03:00,5.6831,5.9427,5.6366,5.7081
2006-05-29T01:00:00+03:00,5.6831,5.7022,5.6044,5.6044
2006-06-05T01:00:00+03:00,5.6831,5.7566,5.5883,5.734
2006-06-12T01:00:00+03:00,5.6831,5.7882,5.6831,5.7375
2006-06-19T01:00:00+03:00,5.6831,5.8178,5.6831,5.7968
2006-06-26T01:00:00+03:00,5.6831,5.8058,5.6574,5.6574
2006-07-03T01:00:00+03:00,5.6831,5.7,5.6443,5.6587
2006-07-10T01:00:00+03:00,5.6831,5.7417,5.6625,5.7336
2006-07-17T01:00:00+03:00,5.6831,5.8138,5.6831,5.706
2006-07-24T01:00:00+03:00,5.6831,5.7819,5.6758,5.6758
2006-07-31T01:00:00+03:00,5.6831,5.7026,5.6439,5.6439
2006-08-07T01:00:00+03:00,5.6671,5.7257,5.6369,5.6929
2006-08-14T01:00:00+03:00,5.6671,5.7253,5.6549,5.6771
2006-08-21T01:00:00+03:00,5.6671,5.7498,5.6349,5.7341
2006-08-28T01:00:00+03:00,5.6671,5.7573,5.6671,5.7347
2006-09-04T01:00:00+03:00,5.6671,5.8144,5.6671,5.806
2006-09-11T01:00:00+03:00,5.7765,5.8849,5.7765,5.871
2006-09-18T01:00:00+03:00,5.8134,5.883,5.7957,5.8023
2006-09-25T01:00:00+03:00,5.8123,5.8577,5.7896,5.8371
2006-10-02T01:00:00+03:00,5.7859,5.8823,5.7566,5.8725
2006-10-09T01:00:00+03:00,5.7857,5.9309,5.7857,5.9275
2006-10-16T01:00:00+03:00,5.8987,5.9308,5.8459,5.8599
2006-10-23T01:00:00+03:00,5.8689,5.8981,5.778,5.778
2006-10-30T00:00:00+02:00,5.7554,5.8033,5.7497,5.776
2006-11-06T00:00:00+02:00,5.7811,5.794,5.6779,5.6915
2006-11-13T00:00:00+02:00,5.6976,5.767,5.6887,5.7325
2006-11-20T00:00:00+02:00,5.7304,5.7604,5.5889,5.5889
2006-11-27T00:00:00+02:00,5.5869,5.5976,5.5086,5.5086
2006-12-04T00:00:00+02:00,5.5091,5.5627,5.5014,5.5102
2006-12-11T00:00:00+02:00,5.5092,5.6261,5.5092,5.6161
2006-12-18T00:00:00+02:00,5.6302,5.6378,5.5618,5.5822
2006-12-25T00:00:00+02:00,5.6041,5.6163,5.5535,5.5824
2007-01-01T00:00:00+02:00,5.5659,5.672,5.535,5.672
2007-01-08T00:00:00+02:00,5.6621,5.7234,5.5269,5.6982
2007-01-15T00:00:00+02:00,5.6963,5.706,5.6261,5.6835
2007-01-22T00:00:00+02:00,5.6855,5.7255,5.6261,5.7114
2007-01-29T00:00:00+02:00,5.705,5.7158,5.6261,5.6844
2007-02-05T00:00:00+02:00,5.6879,5.7155,5.6261,5.6714
2007-02-12T00:00:00+02:00,5.665,5.6797,5.5864,5.5996
2007-02-19T00:00:00+02:00,5.5867,5.6082,5.577,5.5776
2007-02-26T00:00:00+02:00,5.5753,5.5843,5.5446,5.5586
2007-03-05T00:00:00+02:00,5.5679,5.617,5.5611,5.5921
2007-03-12T00:00:00+02:00,5.5974,5.6094,5.5218,5.5286
2007-03-19T00:00:00+02:00,5.5111,5.5512,5.5047,5.5435
2007-03-26T01:00:00+03:00,5.5502,5.5674,5.5203,5.5569
2007-04-02T01:00:00+03:00,5.5138,5.5649,5.5066,5.5237
2007-04-09T01:00:00+03:00,5.5314,5.5388,5.4639,5.4731
2007-04-16T01:00:00+03:00,5.4515,5.4708,5.435,5.4412
2007-04-23T01:00:00+03:00,5.4116,5.4581,5.3878,5.3878
2007-04-30T01:00:00+03:00,5.3991,5.4257,5.3875,5.3997
2007-05-07T01:00:00+03:00,5.3914,5.4356,5.3875,5.4121
2007-05-14T01:00:00+03:00,5.4094,5.4342,5.383,5.4233
2007-05-21T01:00:00+03:00,5.3781,5.4504,5.3781,5.4297
2007-05-28T01:00:00+03:00,5.4274,5.4557,5.4065,5.4429
2007-06-04T01:00:00+03:00,5.4342,5.5126,5.4169,5.495
2007-06-11T01:00:00+03:00,5.5015,5.5326,5.4852,5.4881
2007-06-18T01:00:00+03:00,5.4799,5.4828,5.4436,5.4482
2007-06-25T01:00:00+03:00,5.4312,5.4544,5.3948,5.4005
2007-07-02T01:00:00+03:00,5.387,5.3882,5.3308,5.3504
2007-07-09T01:00:00+03:00,5.3526,5.3589,5.2761,5.2825
2007-07-16T01:00:00+03:00,5.2648,5.2929,5.2638,5.2638
2007-07-23T01:00:00+03:00,5.2544,5.3637,5.2544,5.3485
2007-07-30T01:00:00+03:00,5.2544,5.3673,5.2544,5.3045
2007-08-06T01:00:00+03:00,5.3306,5.3513,5.282,5.3361
2007-08-13T01:00:00+03:00,5.3241,5.4698,5.3241,5.414
2007-08-20T01:00:00+03:00,5.4307,5.4414,5.3608,5.3659
2007-08-27T01:00:00+03:00,5.3774,5.3936,5.3392,5.3646
2007-09-03T01:00:00+03:00,5.3318,5.3987,5.3078,5.3132
2007-09-10T01:00:00+03:00,5.3273,5.3273,5.2652,5.2784
2007-09-17T01:00:00+03:00,5.2468,5.2931,5.1762,5.1762
2007-09-24T01:00:00+03:00,5.1593,5.1849,5.1,5.11
2007-10-01T01:00:00+03:00,5.13,5.2162,5.1029,5.1764
2007-10-08T01:00:00+03:00,5.1421,5.229,5.142,5.1605
2007-10-15T01:00:00+03:00,5.1394,5.1736,5.1208,5.1484
2007-10-22T01:00:00+03:00,5.0958,5.1958,5.0958,5.1098
2007-10-29T00:00:00+02:00,5.1011,5.1102,5.0553,5.0553
2007-11-05T00:00:00+02:00,5.0586,5.0817,4.9794,4.9937
2007-11-12T00:00:00+02:00,4.9533,5.0511,4.9533,5.0186
2007-11-19T00:00:00+02:00,5.0001,5.0205,4.8999,4.9282
2007-11-26T00:00:00+02:00,4.942,5.0009,4.9127,4.9844
2007-12-03T00:00:00+02:00,4.9978,5.0305,4.9613,4.9861
2007-12-10T00:00:00+02:00,4.9841,5.0657,4.9646,5.058
2007-12-17T00:00:00+02:00,5.0624,5.099,5.0224,5.0837
2007-12-24T00:00:00+02:00,5.0824,5.0861,4.9821,4.9821
2007-12-31T00:00:00+02:00,4.9825,5.0246,4.9613,4.9662
2008-01-07T00:00:00+02:00,4.936,5.0156,4.936,4.9658
2008-01-14T00:00:00+02:00,4.9684,5.0229,4.9255,5.0118
2008-01-21T00:00:00+02:00,5.0147,5.0946,4.9199,4.945
2008-01-28T00:00:00+02:00,4.9461,4.9552,4.8382,4.8777
2008-02-04T00:00:00+02:00,4.8771,5.0342,4.8391,5.0171
2008-02-11T00:00:00+02:00,5.0096,5.0202,4.9361,4.9361
2008-02-18T00:00:00+02:00,4.9402,4.9821,4.9073,4.9104
2008-02-25T00:00:00+02:00,4.9142,4.9221,4.7728,4.7805
2008-03-03T00:00:00+02:00,4.7845,4.8023,4.7121,4.7345
2008-03-10T00:00:00+02:00,4.7351,4.7519,4.6303,4.6489
2008-03-17T00:00:00+02:00,4.6274,4.7101,4.5717,4.6975
2008-03-24T00:00:00+02:00,4.6963,4.7273,4.5819,4.6082
2008-03-31T01:00:00+03:00,4.5929,4.687,4.58,4.6174
2008-04-07T01:00:00+03:00,4.6195,4.65,4.5683,4.5844
2008-04-14T01:00:00+03:00,4.5922,4.6445,4.522,4.608
2008-04-21T01:00:00+03:00,4.5896,4.666,4.522,4.6336
2008-04-28T01:00:00+03:00,4.6275,4.7197,4.6275,4.7077
2008-05-05T01:00:00+03:00,4.6761,4.7452,4.6601,4.6997
2008-05-12T01:00:00+03:00,4.6633,4.7189,4.6524,4.657
2008-05-19T01:00:00+03:00,4.6238,4.6754,4.5872,4.5983
2008-05-26T01:00:00+03:00,4.608,4.6844,4.5871,4.6597
2008-06-02T01:00:00+03:00,4.6537,4.7124,4.5996,4.6016
2008-06-09T01:00:00+03:00,4.5872,4.7302,4.5779,4.7182
2008-06-16T01:00:00+03:00,4.6957,4.7157,4.6282,4.6282
2008-06-23T01:00:00+03:00,4.6374,4.681,4.5935,4.5935
2008-06-30T01:00:00+03:00,4.5974,4.62,4.5546,4.6082
2008-07-07T01:00:00+03:00,4.5434,4.6333,4.5413,4.5709
2008-07-14T01:00:00+03:00,4.5342,4.5735,4.5108,4.5531
2008-07-21T01:00:00+03:00,4.524,4.6132,4.524,4.6017
2008-07-28T01:00:00+03:00,4.5897,4.6535,4.5813,4.6345
2008-08-04T01:00:00+03:00,4.6195,4.7997,4.6186,4.7967
2008-08-11T01:00:00+03:00,4.7962,4.8976,4.7095,4.8883
2008-08-18T01:00:00+03:00,4.844,4.912,4.813,4.8317
2008-08-25T01:00:00+03:00,4.8421,4.9125,4.836,4.8547
2008-09-01T01:00:00+03:00,4.832,5.021,4.832,4.9978
2008-09-08T01:00:00+03:00,4.9902,5.1212,4.9529,5.0095
2008-09-15T01:00:00+03:00,5.0035,5.0552,4.8943,4.9303
2008-09-22T01:00:00+03:00,4.9046,4.9713,4.7991,4.8577
2008-09-29T01:00:00+03:00,4.8521,5.191,4.8521,5.1493
2008-10-06T01:00:00+03:00,5.1661,5.3786,5.1264,5.283
2008-10-13T01:00:00+03:00,5.2281,5.3582,5.1903,5.3291
2008-10-20T01:00:00+03:00,5.31,5.7892,5.2643,5.6784
2008-10-27T00:00:00+02:00,5.735,5.8517,5.4149,5.6504
2008-11-03T00:00:00+02:00,5.6006,5.6991,5.4519,5.5812
2008-11-10T00:00:00+02:00,5.5855,5.7607,5.5298,5.6086
2008-11-17T00:00:00+02:00,5.6586,5.7352,5.556,5.6941
2008-11-24T00:00:00+02:00,5.621,5.6642,5.4565,5.5985
2008-12-01T00:00:00+02:00,5.5795,5.727,5.5795,5.664
2008-12-08T00:00:00+02:00,5.63,5.6365,5.3588,5.36
2008-12-15T00:00:00+02:00,5.3685,5.3685,4.898,5.189
2008-12-22T00:00:00+02:00,5.177,5.2315,5.1323,5.1865
2008-12-29T00:00:00+02:00,5.172,5.33,5.1163,5.2695
2009-01-05T00:00:00+02:00,5.2345,5.4715,5.225,5.4485
2009-01-12T00:00:00+02:00,5.429,5.643,5.429,5.5655
2009-01-19T00:00:00+02:00,5.5305,5.839,5.5305,5.7773
2009-01-26T00:00:00+02:00,5.696,5.756,5.544,5.7452
2009-02-02T00:00:00+02:00,5.742,5.8055,5.66,5.726
2009-02-09T00:00:00+02:00,5.7,5.8315,5.691,5.7505
2009-02-16T00:00:00+02:00,5.8215,5.947,5.8015,5.8015
2009-02-23T00:00:00+02:00,5.793,5.864,5.7555,5.83
2009-03-02T00:00:00+02:00,5.8145,5.912,5.8145,5.863
2009-03-09T00:00:00+02:00,5.8515,5.9165,5.7235,5.7235
2009-03-16T00:00:00+02:00,5.7165,5.7565,5.441,5.468
2009-03-23T00:00:00+02:00,5.463,5.6305,5.4435,5.607
2009-03-30T01:00:00+03:00,5.5995,5.694,5.495,5.495
2009-04-06T01:00:00+03:00,5.4805,5.639,5.4805,5.5855
2009-04-13T01:00:00+03:00,5.6241,5.6605,5.502,5.6505
2009-04-20T01:00:00+03:00,5.6437,5.75,5.5925,5.5955
2009-04-27T01:00:00+03:00,5.5957,5.732,5.5361,5.5665
2009-05-04T01:00:00+03:00,5.5625,5.6057,5.3845,5.3845
2009-05-11T01:00:00+03:00,5.4601,5.467,5.3471,5.4555
2009-05-18T01:00:00+03:00,5.4495,5.4875,5.2,5.2
2009-05-25T01:00:00+03:00,5.1955,5.3098,5.181,5.1915
2009-06-01T01:00:00+03:00,5.182,5.26,5.1065,5.2485
2009-06-08T01:00:00+03:00,5.2435,5.2995,5.1385,5.1645
2009-06-15T01:00:00+03:00,5.149,5.263,5.149,5.199
2009-06-22T01:00:00+03:00,5.1755,5.254,5.159,5.159
2009-06-29T01:00:00+03:00,5.1615,5.231,5.14,5.222
2009-07-06T01:00:00+03:00,5.223,5.2905,5.212,5.2405
2009-07-13T01:00:00+03:00,5.232,5.2645,5.172,5.1905
2009-07-20T01:00:00+03:00,5.1426,5.1697,5.124,5.135
2009-07-27T01:00:00+03:00,5.139,5.2447,5.1293,5.1495
2009-08-03T01:00:00+03:00,5.1415,5.1727,5.071,5.158
2009-08-10T01:00:00+03:00,5.142,5.1947,5.1005,5.137
2009-08-17T01:00:00+03:00,5.133,5.1942,5.0785,5.0785
2009-08-24T01:00:00+03:00,5.077,5.161,5.077,5.133
2009-08-31T01:00:00+03:00,5.1455,5.1705,5.111,5.111
2009-09-07T01:00:00+03:00,5.1135,5.116,5.006,5.006
2009-09-14T01:00:00+03:00,5.043,5.0477,4.9315,4.9385
2009-09-21T01:00:00+03:00,4.9175,4.9822,4.8966,4.954
2009-09-28T01:00:00+03:00,4.9375,5.0105,4.9375,4.966
2009-10-05T01:00:00+03:00,4.9525,4.971,4.892,4.9155
2009-10-12T01:00:00+03:00,4.908,4.9392,4.8225,4.8445
2009-10-19T01:00:00+03:00,4.8405,4.864,4.7895,4.8015
2009-10-26T00:00:00+02:00,4.794,4.905,4.794,4.8925
2009-11-02T00:00:00+02:00,4.8865,4.9527,4.8705,4.884
2009-11-09T00:00:00+02:00,4.82,4.9202,4.82,4.8725
2009-11-16T00:00:00+02:00,4.8695,4.9452,4.869,4.909
2009-11-23T00:00:00+02:00,4.888,4.933,4.8175,4.874
2009-11-30T00:00:00+02:00,4.8665,4.905,4.8285,4.897
2009-12-07T00:00:00+02:00,4.8915,4.98,4.882,4.9595
2009-12-14T00:00:00+02:00,4.9545,5.086,4.948,5.058
2009-12-21T00:00:00+02:00,5.0565,5.1215,5.0565,5.0725
2009-12-28T00:00:00+02:00,5.0625,5.1,5.053,5.0855
2010-01-04T00:00:00+02:00,5.08,5.1082,5.0325,5.0325
2010-01-11T00:00:00+02:00,5.024,5.073,4.9965,5.0525
2010-01-18T00:00:00+02:00,5.051,5.1987,5.0405,5.142
2010-01-25T00:00:00+02:00,5.1435,5.2532,5.13,5.2505
2010-02-01T00:00:00+02:00,5.2465,5.3665,5.22,5.3355
2010-02-08T00:00:00+02:00,5.3235,5.4005,5.298,5.3505
2010-02-15T00:00:00+02:00,5.346,5.4117,5.284,5.341
2010-02-22T00:00:00+02:00,5.334,5.3985,5.3213,5.348
2010-03-01T00:00:00+02:00,5.315,5.4055,5.283,5.313
2010-03-08T00:00:00+02:00,5.3095,5.3612,5.2615,5.2615
2010-03-15T00:00:00+02:00,5.2615,5.3705,5.252,5.355
2010-03-22T00:00:00+02:00,5.352,5.457,5.34,5.399
2010-03-29T01:00:00+03:00,5.3935,5.42,5.33,5.367
2010-04-05T01:00:00+03:00,5.3816,5.47,5.3286,5.3655
2010-04-12T01:00:00+03:00,5.335,5.3775,5.3006,5.3396
2010-04-19T01:00:00+03:00,5.358,5.4865,5.358,5.4105
2010-04-26T01:00:00+03:00,5.4125,5.5215,5.406,5.4305
2010-05-03T01:00:00+03:00,5.418,5.7862,5.418,5.695
2010-05-10T01:00:00+03:00,5.7164,5.8505,5.5493,5.84
2010-05-17T01:00:00+03:00,5.84,5.9732,5.7313,5.7595
2010-05-24T01:00:00+03:00,5.7565,5.9782,5.7565,5.8997
2010-05-31T01:00:00+03:00,5.87,6.0684,5.87,6.049
2010-06-07T01:00:00+03:00,6.049,6.1068,5.946,5.9639
2010-06-14T01:00:00+03:00,5.9512,5.9641,5.7806,5.803
2010-06-21T01:00:00+03:00,5.75,5.8899,5.75,5.7897
2010-06-28T01:00:00+03:00,5.7905,5.918,5.7008,5.719
2010-07-05T01:00:00+03:00,5.7212,5.76,5.6442,5.6805
2010-07-12T01:00:00+03:00,5.676,5.7555,5.5503,5.574
2010-07-19T01:00:00+03:00,5.575,5.6812,5.5435,5.594
2010-07-26T01:00:00+03:00,5.592,5.6175,5.5285,5.54
2010-08-02T01:00:00+03:00,5.526,5.5658,5.4165,5.4165
2010-08-09T01:00:00+03:00,5.414,5.654,5.414,5.6535
2010-08-16T01:00:00+03:00,5.653,5.7457,5.6063,5.709
2010-08-23T01:00:00+03:00,5.707,5.7812,5.698,5.698
2010-08-30T01:00:00+03:00,5.686,5.754,5.634,5.634
2010-09-06T01:00:00+03:00,5.6332,5.76,5.6332,5.7115
2010-09-13T01:00:00+03:00,5.7225,5.7245,5.539,5.5685
2010-09-20T01:00:00+03:00,5.5565,5.587,5.3885,5.3885
2010-09-27T01:00:00+03:00,5.3875,5.447,5.2835,5.2835
2010-10-04T01:00:00+03:00,5.2725,5.3441,5.2136,5.2375
2010-10-11T01:00:00+03:00,5.215,5.3117,5.185,5.2315
2010-10-18T01:00:00+03:00,5.2255,5.3295,5.2119,5.2515
2010-10-25T01:00:00+03:00,5.2285,5.3428,5.2125,5.259
2010-11-01T00:00:00+02:00,5.248,5.28,5.1291,5.2195
2010-11-08T00:00:00+02:00,5.217,5.4297,5.217,5.3715
2010-11-15T00:00:00+02:00,5.3715,5.4887,5.3715,5.385
2010-11-22T00:00:00+02:00,5.3715,5.6177,5.3695,5.586
2010-11-29T00:00:00+02:00,5.586,5.7244,5.4805,5.4805
2010-12-06T00:00:00+02:00,5.479,5.6115,5.479,5.5932
2010-12-13T00:00:00+02:00,5.5735,5.6132,5.4864,5.589
2010-12-20T00:00:00+02:00,5.5895,5.6552,5.586,5.6145
2010-12-27T00:00:00+02:00,5.613,5.6424,5.4937,5.5045
2011-01-03T00:00:00+02:00,5.5195,5.7202,5.4929,5.713
2011-01-10T00:00:00+02:00,5.7045,5.7457,5.4962,5.5145
2011-01-17T00:00:00+02:00,5.497,5.579,5.4135,5.4135
2011-01-24T00:00:00+02:00,5.4105,5.4582,5.3739,5.438
2011-01-31T00:00:00+02:00,5.4127,5.4814,5.3303,5.4465
2011-02-07T00:00:00+02:00,5.455,5.486,5.3675,5.455
2011-02-14T00:00:00+02:00,5.451,5.5152,5.396,5.396
2011-02-21T00:00:00+02:00,5.3935,5.4732,5.3461,5.3845
2011-02-28T00:00:00+02:00,5.383,5.396,5.2694,5.281
2011-03-07T00:00:00+02:00,5.274,5.3712,5.2675,5.3015
2011-03-14T00:00:00+02:00,5.3012,5.3281,5.1859,5.1995
2011-03-21T00:00:00+02:00,5.19,5.2497,5.1592,5.231
2011-03-28T00:00:00+02:00,5.2385,5.2677,5.168,5.168
2011-04-04T01:00:00+03:00,5.164,5.2042,5.081,5.081
2011-04-11T01:00:00+03:00,5.0805,5.1227,5.0624,5.081
2011-04-18T01:00:00+03:00,5.1112,5.191,5.015,5.0445
2011-04-25T01:00:00+03:00,5.0375,5.07,4.9312,4.956
2011-05-02T01:00:00+03:00,4.9535,5.138,4.9224,5.125
2011-05-09T01:00:00+03:00,5.1094,5.236,5.0937,5.221
2011-05-16T01:00:00+03:00,5.2217,5.2465,5.154,5.224
2011-05-23T01:00:00+03:00,5.234,5.3095,5.1829,5.1901
2011-05-30T01:00:00+03:00,5.1929,5.2175,5.0706,5.0903
2011-06-06T01:00:00+03:00,5.0912,5.1495,5.0545,5.145
2011-06-13T01:00:00+03:00,5.135,5.2617,5.0845,5.159
2011-06-20T01:00:00+03:00,5.1725,5.2142,5.1003,5.1805
2011-06-27T01:00:00+03:00,5.1695,5.2183,5.0672,5.085
2011-07-04T01:00:00+03:00,5.0911,5.2012,5.0573,5.1615
2011-07-11T01:00:00+03:00,5.156,5.3585,5.156,5.2345
2011-07-18T01:00:00+03:00,5.228,5.3095,5.1438,5.179
2011-07-25T01:00:00+03:00,5.174,5.2307,5.1135,5.1655
2011-08-01T01:00:00+03:00,5.1585,5.291,5.1364,5.2005
2011-08-08T01:00:00+03:00,5.1665,5.2785,5.157,5.2217
2011-08-15T01:00:00+03:00,5.2075,5.2401,5.1297,5.1785
2011-08-22T01:00:00+03:00,5.1665,5.2116,5.1361,5.143
2011-08-29T01:00:00+03:00,5.1425,5.2723,5.1335,5.256
2011-09-05T01:00:00+03:00,5.2465,5.4775,5.2465,5.4645
2011-09-12T01:00:00+03:00,5.4882,5.53,5.3862,5.4305
2011-09-19T01:00:00+03:00,5.434,5.5875,5.4151,5.5185
2011-09-26T01:00:00+03:00,5.5065,5.5995,5.4664,5.5796
2011-10-03T01:00:00+03:00,5.5902,5.7055,5.532,5.5734
2011-10-10T01:00:00+03:00,5.5788,5.5895,5.3655,5.3655
2011-10-17T01:00:00+03:00,5.363,5.4685,5.3615,5.3615
2011-10-24T01:00:00+03:00,5.371,5.414,5.259,5.276
2011-10-31T00:00:00+02:00,5.28,5.486,5.28,5.4155
2011-11-07T00:00:00+02:00,5.4247,5.552,5.3869,5.417
2011-11-14T00:00:00+02:00,5.395,5.573,5.395,5.527
2011-11-21T00:00:00+02:00,5.526,5.6665,5.4992,5.6575
2011-11-28T00:00:00+02:00,5.6575,5.6575,5.5391,5.588
2011-12-05T00:00:00+02:00,5.595,5.6415,5.5477,5.5915
2011-12-12T00:00:00+02:00,5.5895,5.7895,5.5895,5.7455
2011-12-19T00:00:00+02:00,5.7465,5.7823,5.7,5.746
2011-12-26T00:00:00+02:00,5.7415,5.859,5.7312,5.8177
2012-01-02T00:00:00+02:00,5.8102,5.9145,5.752,5.9035
2012-01-09T00:00:00+02:00,5.9205,5.961,5.857,5.933
2012-01-16T00:00:00+02:00,5.954,5.9697,5.815,5.834
2012-01-23T00:00:00+02:00,5.857,5.8892,5.7085,5.7085
2012-01-30T00:00:00+02:00,5.708,5.8155,5.708,5.751
2012-02-06T00:00:00+02:00,5.7735,5.8175,5.689,5.7541
2012-02-13T00:00:00+02:00,5.729,5.8405,5.714,5.7465
2012-02-20T00:00:00+02:00,5.7365,5.748,5.6112,5.6112
2012-02-27T00:00:00+02:00,5.6112,5.7345,5.604,5.712
2012-03-05T00:00:00+02:00,5.7165,5.766,5.6725,5.7325
2012-03-12T00:00:00+02:00,5.7331,5.7799,5.696,5.696
2012-03-19T00:00:00+02:00,5.696,5.732,5.646,5.6487
2012-03-26T01:00:00+03:00,5.6525,5.7035,5.608,5.6112
2012-04-02T01:00:00+03:00,5.6025,5.733,5.602,5.6906
2012-04-09T01:00:00+03:00,5.6867,5.7274,5.6495,5.696
2012-04-16T01:00:00+03:00,5.701,5.746,5.6655,5.6655
2012-04-23T01:00:00+03:00,5.681,5.7434,5.6495,5.6495
2012-04-30T01:00:00+03:00,5.6585,5.7287,5.633,5.709
2012-05-07T01:00:00+03:00,5.731,5.8105,5.7285,5.7945
2012-05-14T01:00:00+03:00,5.799,5.9715,5.799,5.891
2012-05-21T01:00:00+03:00,5.894,6.0605,5.875,6.0355
2012-05-28T01:00:00+03:00,6.0255,6.1435,6.009,6.0697
2012-06-04T01:00:00+03:00,6.071,6.1013,5.985,6.0162
2012-06-11T01:00:00+03:00,5.958,6.0655,5.9544,5.9687
2012-06-18T01:00:00+03:00,5.9583,5.997,5.922,5.9695
2012-06-25T01:00:00+03:00,5.9735,6.055,5.9157,5.9157
2012-07-02T01:00:00+03:00,5.915,6.093,5.915,6.0759
2012-07-09T01:00:00+03:00,6.089,6.1505,6.07,6.0907
2012-07-16T01:00:00+03:00,6.084,6.1752,6.0662,6.1525
2012-07-23T01:00:00+03:00,6.1745,6.2205,6.082,6.0872
2012-07-30T01:00:00+03:00,6.0898,6.1817,6.0545,6.0545
2012-08-06T01:00:00+03:00,6.055,6.1139,6.035,6.073
2012-08-13T01:00:00+03:00,6.0785,6.0972,6.016,6.0325
2012-08-20T01:00:00+03:00,6.0275,6.0898,5.9334,5.9625
2012-08-27T01:00:00+03:00,5.9625,5.9955,5.906,5.922
2012-09-03T01:00:00+03:00,5.9185,5.9696,5.782,5.782
2012-09-10T01:00:00+03:00,5.7765,5.822,5.6255,5.6255
2012-09-17T01:00:00+03:00,5.628,5.7162,5.619,5.6805
2012-09-24T01:00:00+03:00,5.6807,5.8091,5.6807,5.761
2012-10-01T01:00:00+03:00,5.763,5.799,5.706,5.7155
2012-10-08T01:00:00+03:00,5.728,5.8405,5.728,5.784
2012-10-15T01:00:00+03:00,5.7815,5.8165,5.6933,5.7735
2012-10-22T01:00:00+03:00,5.776,6.1817,5.767,5.8072
2012-10-29T00:00:00+02:00,5.8045,5.8625,5.7691,5.8465
2012-11-05T00:00:00+02:00,5.8375,5.932,5.834,5.9055
2012-11-12T00:00:00+02:00,5.9035,5.947,5.8795,5.897
2012-11-19T00:00:00+02:00,5.9,5.923,5.8055,5.8055
2012-11-26T00:00:00+02:00,5.808,5.8593,5.787,5.787
2012-12-03T00:00:00+02:00,5.786,5.8409,5.714,5.801
2012-12-10T00:00:00+02:00,5.813,5.8355,5.6975,5.6975
2012-12-17T00:00:00+02:00,5.6877,5.7335,5.657,5.6865
2012-12-24T00:00:00+02:00,5.6895,5.7315,5.6802,5.6905
2012-12-31T00:00:00+02:00,5.685,5.8245,5.685,5.7765
2013-01-07T00:00:00+02:00,5.7745,5.8155,5.658,5.658
2013-01-14T00:00:00+02:00,5.6582,5.699,5.6349,5.6632
2013-01-21T00:00:00+02:00,5.667,5.7125,5.615,5.615
2013-01-28T00:00:00+02:00,5.613,5.6535,5.5455,5.5455
2013-02-04T00:00:00+02:00,5.5549,5.668,5.5549,5.6505
2013-02-11T00:00:00+02:00,5.6461,5.6965,5.6117,5.6577
2013-02-18T00:00:00+02:00,5.657,5.7675,5.6412,5.733
2013-02-25T00:00:00+02:00,5.7375,5.8435,5.702,5.8135
2013-03-04T00:00:00+02:00,5.8145,5.8552,5.769,5.821
2013-03-11T00:00:00+02:00,5.823,5.8714,5.7815,5.7815
2013-03-18T00:00:00+02:00,5.8265,5.8947,5.8207,5.8207
2013-03-25T00:00:00+02:00,5.828,5.9527,5.823,5.8991
2013-04-01T01:00:00+03:00,5.9085,5.9655,5.835,5.852
2013-04-08T01:00:00+03:00,5.8625,5.8657,5.788,5.788
2013-04-15T01:00:00+03:00,5.778,5.8479,5.758,5.7985
2013-04-22T01:00:00+03:00,5.782,5.8675,5.782,5.813
2013-04-29T01:00:00+03:00,5.813,5.818,5.7235,5.761
2013-05-06T01:00:00+03:00,5.7544,5.8467,5.738,5.8224
2013-05-13T01:00:00+03:00,5.8372,5.9125,5.7993,5.876
2013-05-20T01:00:00+03:00,5.8761,5.9026,5.824,5.824
2013-05-27T01:00:00+03:00,5.8478,5.9091,5.785,5.785
2013-06-03T01:00:00+03:00,5.7875,5.8174,5.6566,5.6893
2013-06-10T01:00:00+03:00,5.6652,5.7042,5.5588,5.5892
2013-06-17T01:00:00+03:00,5.5894,5.7113,5.559,5.7015
2013-06-24T01:00:00+03:00,5.6788,5.7409,5.6688,5.6951
2013-07-01T01:00:00+03:00,5.6948,5.8471,5.6743,5.807
2013-07-08T01:00:00+03:00,5.8144,5.892,5.7329,5.7367
2013-07-15T01:00:00+03:00,5.7335,5.792,5.692,5.6944
2013-07-22T01:00:00+03:00,5.6963,5.7135,5.6262,5.6262
2013-07-29T01:00:00+03:00,5.6253,5.6968,5.6205,5.6566
2013-08-05T01:00:00+03:00,5.66,5.6767,5.5841,5.6087
2013-08-12T01:00:00+03:00,5.6076,5.6922,5.6076,5.631
2013-08-19T01:00:00+03:00,5.654,5.6726,5.595,5.6176
2013-08-26T01:00:00+03:00,5.6168,5.7349,5.6168,5.7175
2013-09-02T01:00:00+03:00,5.7043,5.7873,5.7043,5.7324
2013-09-09T01:00:00+03:00,5.7322,5.7617,5.6738,5.6738
2013-09-16T01:00:00+03:00,5.6733,5.7063,5.5974,5.6059
2013-09-23T01:00:00+03:00,5.6041,5.6544,5.6041,5.6053
2013-09-30T01:00:00+03:00,5.6216,5.6461,5.5725,5.6176
2013-10-07T01:00:00+03:00,5.619,5.6407,5.5885,5.5885
2013-10-14T01:00:00+03:00,5.6032,5.6523,5.5398,5.5398
2013-10-21T01:00:00+03:00,5.5394,5.5791,5.4989,5.4989
2013-10-28T00:00:00+02:00,5.499,5.6493,5.499,5.6468
2013-11-04T00:00:00+02:00,5.6229,5.7322,5.6138,5.6803
2013-11-11T00:00:00+02:00,5.6811,5.7043,5.6301,5.6301
2013-11-18T00:00:00+02:00,5.6293,5.7043,5.6176,5.6176
2013-11-25T00:00:00+02:00,5.6169,5.6605,5.586,5.5951
2013-12-02T00:00:00+02:00,5.5948,5.6466,5.568,5.5733
2013-12-09T00:00:00+02:00,5.5627,5.5772,5.5186,5.5565
2013-12-16T00:00:00+02:00,5.5468,5.6029,5.5224,5.5833
2013-12-23T00:00:00+02:00,5.5624,5.5915,5.501,5.5318
2013-12-30T00:00:00+02:00,5.5503,5.6104,5.4989,5.603
2014-01-06T00:00:00+02:00,5.5864,5.6282,5.568,5.5705
2014-01-13T00:00:00+02:00,5.5567,5.618,5.5502,5.6144
2014-01-20T00:00:00+02:00,5.6131,5.6256,5.557,5.5639
2014-01-27T00:00:00+02:00,5.5671,5.6525,5.5662,5.6499
2014-02-03T00:00:00+02:00,5.6511,5.671,5.5877,5.5877
2014-02-10T00:00:00+02:00,5.6042,5.6397,5.5643,5.5662
2014-02-17T00:00:00+02:00,5.562,5.5975,5.5448,5.5521
2014-02-24T00:00:00+02:00,5.5546,5.6105,5.5168,5.5168
2014-03-03T00:00:00+02:00,5.5343,5.5805,5.4946,5.4946
2014-03-10T00:00:00+02:00,5.4946,5.5304,5.4773,5.4773
2014-03-17T00:00:00+02:00,5.4806,5.5679,5.471,5.5299
2014-03-24T00:00:00+02:00,5.5279,5.5704,5.512,5.5424
2014-03-31T00:00:00+02:00,5.5364,5.578,5.5228,5.5489
2014-04-07T01:00:00+03:00,5.551,5.5681,5.464,5.464
2014-04-14T01:00:00+03:00,5.4813,5.5223,5.4813,5.4942
2014-04-21T01:00:00+03:00,5.4949,5.5245,5.4782,5.4782
2014-04-28T01:00:00+03:00,5.477,5.5131,5.4601,5.4781
2014-05-05T01:00:00+03:00,5.4539,5.4853,5.4236,5.4759
2014-05-12T01:00:00+03:00,5.4889,5.5377,5.4852,5.5239
2014-05-19T01:00:00+03:00,5.5239,5.5645,5.5239,5.5525
2014-05-26T01:00:00+03:00,5.5537,5.5819,5.5406,5.5406
2014-06-02T01:00:00+03:00,5.5406,5.6043,5.5205,5.5318
2014-06-09T01:00:00+03:00,5.5318,5.6055,5.5318,5.5871
2014-06-16T01:00:00+03:00,5.5734,5.59,5.5438,5.5656
2014-06-23T01:00:00+03:00,5.5479,5.5766,5.5351,5.5434
2014-06-30T01:00:00+03:00,5.5245,5.5657,5.5089,5.5563
2014-07-07T01:00:00+03:00,5.5563,5.5975,5.5509,5.5709
2014-07-14T01:00:00+03:00,5.5709,5.6396,5.5709,5.6263
2014-07-21T01:00:00+03:00,5.6058,5.678,5.6058,5.6578
2014-07-28T01:00:00+03:00,5.6578,5.7093,5.6578,5.667
2014-08-04T01:00:00+03:00,5.667,5.7314,5.667,5.6976
2014-08-11T01:00:00+03:00,5.6767,5.7267,5.6659,5.6659
2014-08-18T01:00:00+03:00,5.6659,5.7643,5.6659,5.7563
2014-08-25T01:00:00+03:00,5.7357,5.7975,5.7357,5.796
2014-09-01T01:00:00+03:00,5.774,5.8952,5.7701,5.8635
2014-09-08T01:00:00+03:00,5.8635,5.9183,5.8596,5.8615
2014-09-15T01:00:00+03:00,5.8615,5.9365,5.8555,5.9134
2014-09-22T01:00:00+03:00,5.9134,6.0095,5.9096,5.985
2014-09-29T01:00:00+03:00,5.985,6.0999,5.985,6.0816
2014-10-06T01:00:00+03:00,6.0805,6.0927,5.9859,6.0263
2014-10-13T01:00:00+03:00,6.026,6.0603,5.9596,5.9807
2014-10-20T01:00:00+03:00,5.991,6.0789,5.9655,6.0307
2014-10-27T00:00:00+02:00,6.0275,6.1307,6.005,6.0957
2014-11-03T00:00:00+02:00,6.1102,6.1928,6.08,6.1247
2014-11-10T00:00:00+02:00,6.1115,6.181,6.1115,6.1462
2014-11-17T00:00:00+02:00,6.0927,6.1788,6.0885,6.1651
2014-11-24T00:00:00+02:00,6.1797,6.1936,6.1112,6.1461
2014-12-01T00:00:00+02:00,6.1435,6.2428,6.1286,6.2198
2014-12-08T00:00:00+02:00,6.2256,6.2378,6.1358,6.1358
2014-12-15T00:00:00+02:00,6.1411,6.2602,6.1063,6.242
2014-12-22T00:00:00+02:00,6.2312,6.2936,6.2312,6.2657
2014-12-29T00:00:00+02:00,6.2585,6.3692,6.2585,6.3628
2015-01-05T00:00:00+02:00,6.3989,6.5229,6.3905,6.4603
2015-01-12T00:00:00+02:00,6.4448,6.704,6.4448,6.6448
2015-01-19T00:00:00+02:00,6.6276,6.893,6.5997,6.7961
2015-01-26T00:00:00+02:00,6.8708,6.9052,6.7335,6.7885
2015-02-02T00:00:00+02:00,6.7737,6.8129,6.6845,6.7847
2015-02-09T00:00:00+02:00,6.7989,6.8423,6.7231,6.7344
2015-02-16T00:00:00+02:00,6.7288,6.84,6.7287,6.7287
2015-02-23T00:00:00+02:00,6.7329,6.8752,6.7329,6.8349
2015-03-02T00:00:00+02:00,6.843,7.0209,6.8264,6.9962
2015-03-09T00:00:00+02:00,7.0036,7.2849,6.9939,7.2557
2015-03-16T00:00:00+02:00,7.2399,7.2443,6.9585,7.0338
2015-03-23T00:00:00+02:00,7.0333,7.0708,6.9299,6.9933
2015-03-30T01:00:00+03:00,6.9941,7.1305,6.9027,6.909
2015-04-06T01:00:00+03:00,6.9114,7.1623,6.9114,7.1093
2015-04-13T01:00:00+03:00,7.1181,7.1922,6.9814,6.9878
2015-04-20T01:00:00+03:00,6.9597,7.0993,6.9597,6.9756
2015-04-27T01:00:00+03:00,6.9791,7.0164,6.717,6.7352
2015-05-04T01:00:00+03:00,6.7291,6.8505,6.6541,6.7094
2015-05-11T01:00:00+03:00,6.7107,6.7951,6.5649,6.5652
2015-05-18T01:00:00+03:00,6.5478,6.8503,6.5478,6.8175
2015-05-25T01:00:00+03:00,6.8191,6.9998,6.8191,6.8627
2015-06-01T01:00:00+03:00,6.8834,6.9509,6.6514,6.7655
2015-06-08T01:00:00+03:00,6.7672,6.8065,6.6329,6.6661
2015-06-15T01:00:00+03:00,6.6922,6.7579,6.6324,6.6723
2015-06-22T01:00:00+03:00,6.6307,6.823,6.6296,6.7719
2015-06-29T01:00:00+03:00,6.8498,6.8744,6.7439,6.8052
2015-07-06T01:00:00+03:00,6.8356,6.9313,6.7855,6.7855
2015-07-13T01:00:00+03:00,6.8072,7.0006,6.8072,6.9994
2015-07-20T01:00:00+03:00,6.9617,7.021,6.867,6.8779
2015-07-27T01:00:00+03:00,6.8056,6.9663,6.8056,6.9064
2015-08-03T01:00:00+03:00,6.8745,6.9803,6.8581,6.8581
2015-08-10T01:00:00+03:00,6.8435,6.8633,6.7303,6.7855
2015-08-17T01:00:00+03:00,6.7497,6.8565,6.6095,6.6095
2015-08-24T01:00:00+03:00,6.6287,6.7376,6.4644,6.7206
2015-08-31T01:00:00+03:00,6.6324,6.8136,6.6324,6.7304
2015-09-07T01:00:00+03:00,6.7389,6.7862,6.6196,6.6196
2015-09-14T01:00:00+03:00,6.6283,6.747,6.6281,6.7076
2015-09-21T01:00:00+03:00,6.7133,6.8554,6.7133,6.79
2015-09-28T01:00:00+03:00,6.7853,6.853,6.7511,6.7717
2015-10-05T01:00:00+03:00,6.776,6.8029,6.6764,6.6764
2015-10-12T01:00:00+03:00,6.6766,6.7228,6.603,6.6939
2015-10-19T01:00:00+03:00,6.692,6.9262,6.6833,6.8799
2015-10-26T01:00:00+03:00,6.8832,6.9846,6.8377,6.8377
2015-11-02T01:00:00+03:00,6.8521,7.0643,6.8488,6.9989
2015-11-09T00:00:00+02:00,6.9975,7.1165,6.9975,7.0296
2015-11-16T00:00:00+02:00,7.0294,7.1689,7.0294,7.1266
2015-11-23T00:00:00+02:00,7.1266,7.2172,7.1266,7.1558
2015-11-30T00:00:00+02:00,7.1571,7.2433,6.9446,6.972
2015-12-07T00:00:00+02:00,6.9742,7.0394,6.8814,6.9148
2015-12-14T00:00:00+02:00,6.9073,7.0716,6.9037,6.9994
2015-12-21T00:00:00+02:00,6.9998,7.0799,6.9315,6.9642
2015-12-28T00:00:00+02:00,6.9391,7.0212,6.9182,6.9926
2016-01-04T00:00:00+02:00,6.9958,7.1293,6.9515,6.9578
2016-01-11T00:00:00+02:00,6.9626,7.0901,6.9626,6.985
2016-01-18T00:00:00+02:00,6.9846,7.0742,6.9846,7.065
2016-01-25T00:00:00+02:00,7.0645,7.081,6.9642,7.0358
2016-02-01T00:00:00+02:00,7.0378,7.0618,6.7951,6.8174
2016-02-08T00:00:00+02:00,6.8177,6.8974,6.7102,6.7385
2016-02-15T00:00:00+02:00,6.7384,6.8769,6.7384,6.8093
2016-02-22T00:00:00+02:00,6.8072,6.9766,6.8072,6.9324
2016-02-29T00:00:00+02:00,6.9322,7.0209,6.8588,6.8588
2016-03-07T00:00:00+02:00,6.8593,6.9857,6.7283,6.7518
2016-03-14T00:00:00+02:00,6.7464,6.836,6.6231,6.6413
2016-03-21T00:00:00+02:00,6.6287,6.7593,6.6287,6.7081
2016-03-28T01:00:00+03:00,6.7106,6.7275,6.5503,6.5503
2016-04-04T01:00:00+03:00,6.5515,6.624,6.5334,6.5334
2016-04-11T01:00:00+03:00,6.5408,6.654,6.5286,6.603
2016-04-18T01:00:00+03:00,6.6011,6.6432,6.569,6.6206
2016-04-25T01:00:00+03:00,6.6251,6.6606,6.521,6.521
2016-05-02T01:00:00+03:00,6.5221,6.562,6.4736,6.5209
2016-05-09T01:00:00+03:00,6.54,6.64,6.534,6.5933
2016-05-16T01:00:00+03:00,6.5925,6.6961,6.5856,6.6219
2016-05-23T01:00:00+03:00,6.6382,6.7299,6.6382,6.7078
2016-05-30T01:00:00+03:00,6.7039,6.7527,6.5545,6.5545
2016-06-06T01:00:00+03:00,6.5646,6.6678,6.5646,6.6635
2016-06-13T01:00:00+03:00,6.6579,6.7559,6.6252,6.6252
2016-06-20T01:00:00+03:00,6.6278,6.8866,6.5498,6.73
2016-06-27T01:00:00+03:00,6.7605,6.8521,6.7157,6.7157
2016-07-04T01:00:00+03:00,6.7177,6.796,6.7034,6.7298
2016-07-11T01:00:00+03:00,6.7307,6.7831,6.706,6.7628
2016-07-18T01:00:00+03:00,6.7536,6.8136,6.729,6.7817
2016-07-25T01:00:00+03:00,6.7823,6.8196,6.6584,6.6584
2016-08-01T01:00:00+03:00,6.6587,6.7693,6.6393,6.7095
2016-08-08T01:00:00+03:00,6.7099,6.7533,6.657,6.669
2016-08-15T01:00:00+03:00,6.6687,6.6787,6.555,6.5687
2016-08-22T01:00:00+03:00,6.5691,6.6625,6.5691,6.6526
2016-08-29T01:00:00+03:00,6.6569,6.7225,6.6435,6.6514
2016-09-05T01:00:00+03:00,6.6756,6.7292,6.6079,6.6272
2016-09-12T01:00:00+03:00,6.626,6.7286,6.626,6.6932
2016-09-19T01:00:00+03:00,6.6904,6.7415,6.6386,6.6386
2016-09-26T01:00:00+03:00,6.6389,6.7402,6.6309,6.6521
2016-10-03T01:00:00+03:00,6.652,6.7597,6.6518,6.6528
2016-10-10T01:00:00+03:00,6.6656,6.8324,6.6656,6.8064
2016-10-17T01:00:00+03:00,6.7992,6.9037,6.7801,6.8597
2016-10-24T01:00:00+03:00,6.8646,6.9131,6.8018,6.8018
2016-10-31T01:00:00+03:00,6.8262,6.8615,6.711,6.711
2016-11-07T01:00:00+03:00,6.7082,6.8981,6.6506,6.8789
2016-11-14T01:00:00+03:00,6.8753,7.1031,6.8753,7.0741
2016-11-21T01:00:00+03:00,7.0742,7.1517,7.0483,7.0642
2016-11-28T01:00:00+03:00,7.0699,7.137,7.039,7.0397
2016-12-05T01:00:00+03:00,7.0395,7.1474,6.9631,7.0943
2016-12-12T01:00:00+03:00,7.0941,7.2708,7.0428,7.1714
2016-12-19T01:00:00+03:00,7.1719,7.2707,7.1719,7.1725
2016-12-26T01:00:00+03:00,7.1699,7.2471,7.1432,7.1432
2017-01-02T01:00:00+03:00,7.1475,7.3096,7.1077,7.1593
2017-01-09T01:00:00+03:00,7.158,7.2031,7.0336,7.0336
2017-01-16T01:00:00+03:00,7.034,7.1187,6.9883,6.9883
2017-01-23T01:00:00+03:00,6.9874,7.0252,6.9359,6.9555
2017-01-30T01:00:00+03:00,6.9549,7.0351,6.8529,6.8529
2017-02-06T01:00:00+03:00,6.8504,7.0316,6.8504,6.9677
2017-02-13T01:00:00+03:00,6.9677,7.0819,6.9357,6.9714
2017-02-20T01:00:00+03:00,6.9701,7.0927,6.9701,6.9931
2017-02-27T01:00:00+03:00,6.9931,7.0655,6.9423,6.9423
2017-03-06T01:00:00+03:00,6.9416,7.0535,6.9117,6.9117
2017-03-13T01:00:00+03:00,6.9133,6.9992,6.8527,6.8888
2017-03-20T01:00:00+03:00,6.8546,6.9021,6.8159,6.8319
2017-03-27T01:00:00+03:00,6.8288,6.9729,6.8087,6.9463
2017-04-03T01:00:00+03:00,6.9429,7.0142,6.9263,6.9951
2017-04-10T01:00:00+03:00,6.9906,7.0318,6.9361,6.953
2017-04-17T01:00:00+03:00,6.9624,6.9708,6.8896,6.8957
2017-04-24T01:00:00+03:00,6.8193,6.8591,6.796,6.8049
2017-05-01T01:00:00+03:00,6.8051,6.8488,6.7265,6.7265
2017-05-08T01:00:00+03:00,6.7173,6.8481,6.7173,6.7597
2017-05-15T01:00:00+03:00,6.762,6.7956,6.6031,6.6031
2017-05-22T01:00:00+03:00,6.6006,6.6568,6.5808,6.6016
2017-05-29T01:00:00+03:00,6.6037,6.6694,6.5274,6.5274
2017-06-05T01:00:00+03:00,6.5332,6.6392,6.5307,6.5876
2017-06-12T01:00:00+03:00,6.58,6.6358,6.557,6.5707
2017-06-19T01:00:00+03:00,6.5686,6.6711,6.5686,6.5863
2017-06-26T01:00:00+03:00,6.5864,6.6219,6.442,6.448
2017-07-03T01:00:00+03:00,6.4528,6.5461,6.4455,6.4593
2017-07-10T01:00:00+03:00,6.4664,6.4761,6.4185,6.4185
2017-07-17T01:00:00+03:00,6.426,6.4567,6.3141,6.3141
2017-07-24T01:00:00+03:00,6.319,6.3794,6.2683,6.2683
2017-07-31T01:00:00+03:00,6.2724,6.3178,6.2022,6.2533
2017-08-07T01:00:00+03:00,6.255,6.294,6.2289,6.2289
2017-08-14T01:00:00+03:00,6.2271,6.3011,6.2271,6.255
2017-08-21T01:00:00+03:00,6.2634,6.2753,6.1765,6.1765
2017-08-28T01:00:00+03:00,6.1746,6.268,6.1476,6.2435
2017-09-04T01:00:00+03:00,6.2287,6.2418,6.1481,6.1742
2017-09-11T01:00:00+03:00,6.181,6.3153,6.181,6.2443
2017-09-18T01:00:00+03:00,6.256,6.3001,6.2236,6.2569
2017-09-25T01:00:00+03:00,6.2802,6.3965,6.2802,6.3419
2017-10-02T01:00:00+03:00,6.3634,6.4242,6.3634,6.4176
2017-10-09T01:00:00+03:00,6.3918,6.3957,6.3243,6.3252
2017-10-16T01:00:00+03:00,6.3564,6.3947,6.3334,6.3638
2017-10-23T01:00:00+03:00,6.3709,6.4839,6.3532,6.4644
2017-10-30T01:00:00+03:00,6.4652,6.4838,6.4479,6.4813
2017-11-06T01:00:00+03:00,6.487,6.5233,6.4601,6.4601
2017-11-13T01:00:00+03:00,6.4695,6.4817,6.3764,6.4111
2017-11-20T01:00:00+03:00,6.4278,6.4498,6.3309,6.3309
2017-11-27T01:00:00+03:00,6.3296,6.3934,6.3296,6.36
2017-12-04T01:00:00+03:00,6.3688,6.3982,6.3583,6.3925
2017-12-11T01:00:00+03:00,6.4011,6.4344,6.368,6.4067
2017-12-18T01:00:00+03:00,6.4012,6.4028,6.3659,6.3659
2017-12-25T01:00:00+03:00,6.3338,6.3432,6.2662,6.2662
2018-01-01T01:00:00+03:00,6.1675,6.2006,6.1481,6.1752
2018-01-08T01:00:00+03:00,6.1984,6.2461,6.1984,6.206
2018-01-15T01:00:00+03:00,6.0439,6.1006,6.0317,6.077
2018-01-22T01:00:00+03:00,6.0684,6.0772,5.9318,5.9648
2018-01-29T01:00:00+03:00,5.967,6.003,5.9363,5.9741
2018-02-05T01:00:00+03:00,5.9655,6.0885,5.9605,6.0693
2018-02-12T01:00:00+03:00,6.0525,6.0818,5.9281,5.9751
2018-02-19T01:00:00+03:00,5.9875,6.0667,5.9875,6.0363
2018-02-26T01:00:00+03:00,6.0315,6.127,6.0315,6.0362
2018-03-05T01:00:00+03:00,6.0515,6.0565,5.9749,5.9894
2018-03-12T01:00:00+03:00,6.0259,6.0558,5.999,6.0524
2018-03-19T01:00:00+03:00,6.0507,6.0752,6.0125,6.0249
2018-03-26T01:00:00+03:00,6.0115,6.0467,5.9709,6.0254
2018-04-02T01:00:00+03:00,6.0303,6.0607,6.0303,6.0447
2018-04-09T01:00:00+03:00,6.0416,6.0497,5.997,6.0176
2018-04-16T01:00:00+03:00,5.9813,6.0417,5.9774,6.0266
2018-04-23T01:00:00+03:00,6.033,6.1499,6.033,6.1345
2018-04-30T01:00:00+03:00,6.112,6.208,6.112,6.2025
2018-05-07T01:00:00+03:00,6.195,6.2474,6.1701,6.1701
2018-05-14T01:00:00+03:00,6.1725,6.2784,6.1597,6.2755
2018-05-21T01:00:00+03:00,6.2646,6.3324,6.246,6.3263
2018-05-28T01:00:00+03:00,6.3018,6.4146,6.3018,6.3269
2018-06-04T01:00:00+03:00,6.3152,6.3304,6.2445,6.2725
2018-06-11T01:00:00+03:00,6.2462,6.3909,6.2375,6.3486
2018-06-18T01:00:00+03:00,6.3561,6.4086,6.3236,6.3236
2018-06-25T01:00:00+03:00,6.3188,6.3295,6.3188,6.3255
2018-07-09T01:00:00+03:00,6.2873,6.3645,6.2873,6.3453
2018-07-16T01:00:00+03:00,6.3225,6.3828,6.2997,6.3072
2018-08-06T01:00:00+03:00,6.4125,6.5059,6.384,6.4884
2018-08-13T01:00:00+03:00,6.5062,6.5672,6.4845,6.4948
2018-08-27T01:00:00+03:00,6.395,6.408,6.3381,6.3828
2018-09-03T01:00:00+03:00,6.3931,6.4385,6.3792,6.4218
2018-09-10T01:00:00+03:00,6.4271,6.4337,6.3436,6.3636
2018-09-17T01:00:00+03:00,6.3793,6.3915,6.2981,6.306
2018-09-24T01:00:00+03:00,6.3264,6.4193,6.2895,6.4115
2018-10-01T01:00:00+03:00,6.4682,6.4713,6.4285,6.4285
2018-10-08T01:00:00+03:00,6.4398,6.4882,6.3965,6.4142
2018-10-15T01:00:00+03:00,6.4066,6.4861,6.386,6.4755
2018-10-22T01:00:00+03:00,6.4346,6.5287,6.4346,6.5242
2018-10-29T01:00:00+03:00,6.521,6.5722,6.4975,6.5092
2018-11-05T01:00:00+03:00,6.536,6.5589,6.4686,6.5485
2018-11-12T01:00:00+03:00,6.5835,6.6195,6.51,6.5141
2018-11-19T01:00:00+03:00,6.5055,6.5496,6.4748,6.5443
2018-11-26T01:00:00+03:00,6.5345,6.5905,6.5041,6.5215
2018-12-03T01:00:00+03:00,6.5004,6.5369,6.4775,6.4788
2018-12-10T01:00:00+03:00,6.4585,6.534,6.4585,6.5098
2018-12-17T01:00:00+03:00,6.5284,6.5295,6.4643,6.5035
2018-12-24T01:00:00+03:00,6.5177,6.5227,6.4629,6.4839
2018-12-31T01:00:00+03:00,6.4474,6.5596,6.4474,6.5479
2019-01-07T01:00:00+03:00,6.4702,6.5027,6.4235,6.4745
2019-01-14T01:00:00+03:00,6.474,6.527,6.4679,6.5265
2019-01-21T01:00:00+03:00,6.5227,6.5579,6.4671,6.4671
2019-01-28T01:00:00+03:00,6.5141,6.5164,6.4535,6.4535
2019-02-04T01:00:00+03:00,6.4799,6.54,6.4754,6.5335
2019-02-11T01:00:00+03:00,6.5338,6.5894,6.5338,6.5675
2019-02-18T01:00:00+03:00,6.5446,6.5693,6.5252,6.5468
2019-02-25T01:00:00+03:00,6.5341,6.5489,6.5103,6.5158
2019-03-04T01:00:00+03:00,6.5339,6.6285,6.5339,6.593
2019-03-11T01:00:00+03:00,6.5886,6.6018,6.5392,6.5414
2019-03-18T01:00:00+03:00,6.5287,6.5446,6.4837,6.525
2019-03-25T01:00:00+03:00,6.558,6.6279,6.5517,6.6185
2019-04-01T01:00:00+03:00,6.604,6.6446,6.604,6.6112
2019-04-08T01:00:00+03:00,6.6096,6.6149,6.5648,6.5648
2019-04-15T01:00:00+03:00,6.569,6.6191,6.569,6.5996
2019-04-22T01:00:00+03:00,6.6002,6.6661,6.5972,6.6362
2019-05-06T01:00:00+03:00,6.6203,6.6266,6.5938,6.5938
2019-05-13T01:00:00+03:00,6.5751,6.6547,6.5751,6.651
2019-05-20T01:00:00+03:00,6.6525,6.6802,6.624,6.624
2019-05-27T01:00:00+03:00,6.566,6.6734,6.566,6.6572
2019-06-03T01:00:00+03:00,6.6302,6.6359,6.549,6.549
2019-06-10T01:00:00+03:00,6.5487,6.5939,6.54,6.5839
2019-06-17T01:00:00+03:00,6.6027,6.6183,6.5305,6.5305
2019-06-24T01:00:00+03:00,6.488,6.5166,6.4857,6.4923
2019-07-01T01:00:00+03:00,6.5267,6.5949,6.518,6.5932
2019-07-08T01:00:00+03:00,6.5864,6.5999,6.5563,6.567
2019-07-15T01:00:00+03:00,6.5545,6.5943,6.546,6.5746
2019-08-05T01:00:00+03:00,6.6412,6.6412,6.5734,6.5825
2019-08-12T01:00:00+03:00,6.5881,6.6715,6.5834,6.6577
2019-08-19T01:00:00+03:00,6.6454,6.6851,6.6454,6.6475
2019-08-26T01:00:00+03:00,6.6382,6.7205,6.6382,6.7204
2019-09-02T01:00:00+03:00,6.7356,6.7726,6.6842,6.6984
2019-09-09T01:00:00+03:00,6.6869,6.7613,6.6612,6.6763
2019-09-16T01:00:00+03:00,6.672,6.7228,6.672,6.7179
2019-09-23T01:00:00+03:00,6.7105,6.786,6.7105,6.767
2019-09-30T01:00:00+03:00,6.7697,6.8101,6.7491,6.7547
2019-10-07T01:00:00+03:00,6.7553,6.7782,6.7183,6.7183
2019-10-14T01:00:00+03:00,6.7347,6.7613,6.6583,6.6583
2019-10-21T01:00:00+03:00,6.6532,6.7054,6.6532,6.7036
2019-10-28T01:00:00+03:00,6.715,6.7313,6.6771,6.6775
2019-11-04T01:00:00+03:00,6.6681,6.7206,6.6681,6.7022
2019-11-11T01:00:00+03:00,6.7359,6.7678,6.7252,6.7252
2019-11-18T01:00:00+03:00,6.7181,6.7286,6.71,6.7206
2019-11-25T01:00:00+03:00,6.735,6.769,6.735,6.7502
2019-12-02T01:00:00+03:00,6.7449,6.7551,6.6916,6.7229
2019-12-09T01:00:00+03:00,6.7152,6.7167,6.648,6.6753
2019-12-16T01:00:00+03:00,6.6675,6.683,6.6662,6.6729
2019-12-23T01:00:00+03:00,6.707,6.7203,6.707,6.7076
2019-12-30T01:00:00+03:00,6.6351,6.6888,6.6351,6.6729
2020-01-06T01:00:00+03:00,6.6538,6.7118,6.6538,6.6928
2020-01-13T01:00:00+03:00,6.6792,6.7047,6.668,6.7013
2020-01-20T01:00:00+03:00,6.7079,6.7462,6.6991,6.7462
2020-01-27T01:00:00+03:00,6.7456,6.7647,6.741,6.7441
2020-02-03T01:00:00+03:00,6.7263,6.8093,6.7263,6.8062
2020-02-10T01:00:00+03:00,6.8672,6.8759,6.8543,6.8628
2020-02-17T01:00:00+03:00,6.8676,6.9049,6.854,6.8584
2020-02-24T01:00:00+03:00,6.884,6.898,6.749,6.8056
2020-03-02T01:00:00+03:00,6.7453,6.7547,6.6121,6.6173
2020-03-09T01:00:00+03:00,6.5965,6.8724,6.5432,6.817
2020-03-16T01:00:00+03:00,6.817,7.1428,6.7462,7.0897
2020-03-23T01:00:00+03:00,7.0599,7.0903,6.8249,6.8261
2020-03-30T01:00:00+03:00,6.8261,7.0753,6.8261,7.0656
2020-04-06T01:00:00+03:00,7.0088,7.0152,6.9847,6.9847
2020-04-13T01:00:00+03:00,6.9656,7.0217,6.921,6.9508
2020-04-20T01:00:00+03:00,6.964,7.0522,6.9121,6.9892
2020-04-27T01:00:00+03:00,6.9612,6.9823,6.9332,6.9708
2020-05-04T01:00:00+03:00,6.8949,7.0238,6.8949,6.9701
2020-05-11T01:00:00+03:00,6.9695,7.0234,6.9465,6.9733
2020-05-18T01:00:00+03:00,6.9841,6.9943,6.8832,6.9567
2020-05-25T01:00:00+03:00,6.9567,6.9727,6.8067,6.82
2020-06-01T01:00:00+03:00,6.779,6.7954,6.6498,6.6924
2020-06-08T01:00:00+03:00,6.7035,6.7235,6.6577,6.6595
2020-06-22T01:00:00+03:00,6.7661,6.7678,6.6715,6.724
2020-06-29T01:00:00+03:00,6.7323,6.7604,6.6887,6.7212
2020-07-06T01:00:00+03:00,6.6895,6.713,6.6421,6.6433
2020-07-13T01:00:00+03:00,6.646,6.6624,6.5743,6.5869
2020-07-20T01:00:00+03:00,6.586,6.6009,6.4811,6.4867
2020-07-27T01:00:00+03:00,6.4028,6.415,6.2832,6.3274
2020-08-03T01:00:00+03:00,6.3558,6.3835,6.2666,6.3333
2020-08-10T01:00:00+03:00,6.3172,6.3886,6.3172,6.3607
2020-08-17T01:00:00+03:00,6.3449,6.3969,6.2935,6.3833
2020-08-24T01:00:00+03:00,6.3675,6.374,6.3519,6.3632
2020-08-31T01:00:00+03:00,6.2946,6.3945,6.27,6.3647
2020-09-07T01:00:00+03:00,6.3665,6.4023,6.3211,6.3614
2020-09-14T01:00:00+03:00,6.3305,6.4177,6.3277,6.3681
2020-09-21T01:00:00+03:00,6.3785,6.4904,6.3777,6.4856
2020-09-28T01:00:00+03:00,6.4856,6.4889,6.4157,6.4509
2020-10-05T01:00:00+03:00,6.4442,6.4471,6.4012,6.4028
2020-10-12T01:00:00+03:00,6.4001,6.4819,6.399,6.4578
2020-10-19T01:00:00+03:00,6.473,6.4756,6.371,6.4025
2020-10-26T01:00:00+03:00,6.4061,6.497,6.3931,6.4819
2020-11-02T01:00:00+03:00,6.5011,6.5095,6.3532,6.3601
2020-11-09T01:00:00+03:00,6.3523,6.4339,6.341,6.4018
2020-11-16T01:00:00+03:00,6.3852,6.3967,6.3574,6.3724
2020-11-23T01:00:00+03:00,6.3719,6.4034,6.3208,6.3234
2020-11-30T01:00:00+03:00,6.3128,6.3128,6.1904,6.2
2020-12-07T01:00:00+03:00,6.2174,6.253,6.1942,6.218
2020-12-14T01:00:00+03:00,6.2021,6.2077,6.1332,6.1552
2020-12-21T01:00:00+03:00,6.1441,6.2095,6.1441,6.174
2021-01-04T01:00:00+03:00,6.1324,6.1902,6.1319,6.1742
2021-01-11T01:00:00+03:00,6.2052,6.2448,6.203,6.2283
2021-01-18T01:00:00+03:00,6.2491,6.2608,6.2007,6.2105
2021-01-25T01:00:00+03:00,6.2092,6.2622,6.2059,6.2249
2021-02-01T01:00:00+03:00,6.2364,6.33,6.2331,6.285
2021-02-08T01:00:00+03:00,6.2683,6.2833,6.225,6.2524
2021-02-15T01:00:00+03:00,6.2356,6.2915,6.2174,6.245
2021-02-22T01:00:00+03:00,6.2566,6.2619,6.1878,6.2357
2021-03-01T01:00:00+03:00,6.2663,6.3623,6.2566,6.3482
2021-03-08T01:00:00+03:00,6.3792,6.3863,6.3715,6.3752
2021-05-03T01:00:00+03:00,6.2455,6.2496,6.1958,6.1958
2021-05-10T01:00:00+03:00,6.1917,6.2139,6.1749,6.1999
2021-05-24T01:00:00+03:00,6.1239,6.1927,6.1199,6.1593
2021-05-31T01:00:00+03:00,6.1912,6.1948,6.1544,6.1619
2021-06-07T01:00:00+03:00,6.1525,6.159,6.1349,6.1436
2021-06-21T01:00:00+03:00,6.2731,6.2874,6.2581,6.2769
2021-06-28T01:00:00+03:00,6.2769,6.331,6.2719,6.3243
2021-08-02T01:00:00+03:00,6.301,6.3721,6.2992,6.3702
2021-08-16T01:00:00+03:00,6.3613,6.4239,6.3528,6.4127
2021-08-23T01:00:00+03:00,6.3967,6.3987,6.3536,6.3601
2021-08-30T01:00:00+03:00,6.3267,6.332,6.3006,6.3048
2021-09-06T01:00:00+03:00,6.3098,6.3114,6.2925,6.3014
2021-10-04T01:00:00+03:00,6.4798,6.5088,6.4771,6.4899
2021-10-11T01:00:00+03:00,6.4899,6.4999,6.4604,6.4684
2021-10-18T01:00:00+03:00,6.4796,6.4847,6.4301,6.4539
2021-10-25T01:00:00+03:00,6.4537,6.489,6.4226,6.485
2021-11-01T01:00:00+03:00,6.4791,6.5218,6.4675,6.5123
2021-11-22T01:00:00+03:00,6.6731,6.6755,6.6477,6.6477
2021-11-29T01:00:00+03:00,6.6707,6.6894,6.6072,6.6645